{
  "firestore": {
    "rules": "firestore.rules",
    "indexes": "firestore.indexes.json"
  },
  "hosting": {
    "public": "build",
    "ignore": [
      "firebase.json",
      "**/.*",
      "**/node_modules/**"
    ],
    "rewrites": [
      {
        "source": "**",
        "destination": "/index.html"
      }
    ],
    "headers": [
      {
        "source": "**/*.@(eot|otf|ttf|ttc|woff|font.css)",
        "headers": [
          {
            "key": "Access-Control-Allow-Origin",
            "value": "*"
          }
        ]
      },
      {
        "source": "**/*.@(jpg|jpeg|gif|png|ico|json|js)",
        "headers": [
          {
            "key": "Cache-Control",
            "value": "max-age=7200"
          }
        ]
      }
    ]
  }
}